ID Number;Phone;Email;Address
61612312290;85012312536;ktuvekcgqyy@zwclvyak.com;4769 s no:99/1 BEYLIKOVA/ESKISEHIR
71812313428;51912313439;znculc@pgo.com;9574 s no:104/13 VIRANSEHIR/SANLIURFA
88512314266;87412314133;ejpirh@bcj.com;6639 s no:45/13 SISLI/ISTANBUL
28612315266;95212315313;qlmyrcjlky@wuxtdkb.com;1307 s no:45/0 ELBEYLI/KILIS
48612316904;30112316540;dblwqfuccfh@tzjwhzqx.com;1611 s no:24/1 MAZGIRT/TUNCELI
87112317975;92112317875;fjdbllahgfo@fepisknl.com;8733 s no:52/2 KUMLUCA/ANTALYA
28612318361;35012318174;xsycgqdkj@nxthxa.com;5026 s no:68/11 GUNEYSU/RIZE
38812319319;27112319855;htpnd@mv.com;2276 s no:96/8 GOKCEADA/CANAKKALE
36512320786;11712320847;dvxrgswq@qxfxp.com;8122 s no:37/15 K.HAMAM/ANKARA
36412321160;18912321534;dmoyhmopood@qgyjaffw.com;7771 s no:66/0 GUNEYSU/RIZE
79212322458;58512322776;veuiirk@nokd.com;700 s no:38/13 ASLANAPA/KUTAHYA
92112323428;90812323138;epbmrxso@ssyys.com;4223 s no:25/13 TUZLA/ISTANBUL
27712324926;52112324868;ubqazxar@nexgx.com;5288 s no:77/9 PASINLER/ERZURUM
87212325711;22912325573;pzlho@vb.com;2619 s no:22/4 OGUZELI/GAZIANTEP
33112326584;71512326166;zgbupipossc@ugenizsh.com;383 s no:96/2 CAMLIYAYLA/ICEL
91112327843;92412327260;ruqbvcyy@nwydu.com;3800 s no:90/8 TIRE/IZMIR
91412328735;42512328963;bgjrp@wb.com;2852 s no:52/4 AKKOY/DENIZLI
15912329783;51512329746;pfvqmofs@atdjn.com;129 s no:18/2 MALTEPE/ISTANBUL
22012330874;44512330278;hngao@eo.com;1203 s no:92/5 BAYBURT MERKEZ/BAYBURT
12912331239;77512331822;kfpczosps@zouutj.com;6209 s no:100/1 K.CEKMECE/ISTANBUL
54312332664;50612332930;rjxkgaiqt@lvcjhe.com;7311 s no:19/0 KARAPURCEK/SAKARYA
65312333703;74012333890;ngsfrtpb@haazv.com;3122 s no:49/2 AZDAVAY/KASTOMONU
80012334966;61612334709;uhrmk@eg.com;6313 s no:89/1 ILGAZ/CANKIRI
52812335466;76312335292;cqhvplrkr@ypeaca.com;8375 s no:0/10 YILDIRIM/BURSA
71712336955;41712336850;mwfpsq@ldd.com;3678 s no:42/4 KUMRU/ORDU
30412337644;60912337870;glzxgutfu@aogsum.com;1451 s no:27/14 SISLI/ISTANBUL
22112338204;60312338713;zxylnksser@kiljfjr.com;718 s no:91/6 RIZE MERKEZ/RIZE
84512339696;47612339403;rwvkbexvwc@akrwwqq.com;7242 s no:37/1 BEYPAZARI/ANKARA
64212340257;72312340626;exqrsqfmcqda@qddrgbiym.com;2770 s no:15/16 TORBALI/IZMIR
38612341904;19012341203;otqtb@md.com;1782 s no:98/10 YALVAC/ISPARTA
57212342964;55012342390;clumfsorv@cnjejn.com;9218 s no:105/9 DENIZLI MERKEZ/DENIZLI
67212343735;67712343527;fyall@vc.com;8582 s no:42/5 SULTANBEYLI/ISTANBUL
95612344100;56312344274;irdkuoysvf@bmjbhvs.com;4042 s no:84/0 USKUDAR/ISTANBUL
93712345133;63912345805;zrvxjodmy@rijnym.com;1429 s no:98/7 BISMIL/DIYARBAKIR
60112346404;44212346258;oomnkuilhjj@knetiavm.com;4739 s no:101/0 AYAS/ANKARA
13712347579;82012347733;zoizvcopwbd@vsjgtjvj.com;3046 s no:13/4 CAVDARHISAR/KUTAHYA
10112348583;86512348185;ysjoshbv@kndth.com;5344 s no:38/6 ELMADAG/ANKARA
89412349882;50512349842;wkuyczkbyu@nlljbbv.com;5135 s no:91/12 ARGUVAN/MALATYA
91612350678;90612350328;holzd@ch.com;1125 s no:91/5 SENIRKENT/ISPARTA
69012351581;38912351376;ksbpm@km.com;9119 s no:72/10 BURHANIYE/BALIKESIR
53712352354;26012352874;ivislyhbwbfo@acairrpfa.com;8359 s no:61/10 G.OSMANPASA/ISTANBUL
37712353935;39412353926;znzaq@fm.com;3492 s no:61/11 KOCASINAN/KAYSERI
39012354940;78112354433;vqvuwcnlyk@epyafhi.com;6248 s no:24/12 SERINHISAR/DENIZLI
63212355237;49912355420;rxaoioq@xsav.com;3244 s no:26/16 KULUNCAK/MALATYA
91712356170;75312356590;fzbtkvxwtxiy@zutnamzxf.com;6046 s no:79/4 ALASEHIR/MANISA
12612357288;73312357248;dfdoyhzhmdnl@wcpcvzpkl.com;2626 s no:101/11 IKIZCE/ORDU
86112358727;92412358147;evjai@fc.com;7533 s no:104/15 KARTAL/ISTANBUL
21012359952;66312359149;icrqm@oq.com;5646 s no:61/10 SELCUKLU/KONYA
57812360515;14812360531;fqjeylfmwlsb@lhljabgba.com;9448 s no:20/3 OGUZELI/GAZIANTEP
30212361807;87312361720;ornauafhljta@yxuzkgpyf.com;8937 s no:31/0 ORHANELI/BURSA
15912362632;75612362967;rpgstbbxfqia@mdiqvawqr.com;3971 s no:78/14 GUNEYSINIR/KONYA
68612363918;91512363334;qofdvljinw@mozjvep.com;1197 s no:85/6 BOZOVA/SANLIURFA
93012364129;16712364325;uwfdmnu@dciu.com;970 s no:81/8 MANYAS/BALIKESIR
96312365959;43512365981;mrgkw@pm.com;7972 s no:48/3 MUDURNU/BOLU
10912366129;55612366599;dlkwuctt@hnngq.com;5752 s no:68/0 KARATAY/KONYA
15912367976;50312367888;vgkjz@vx.com;5230 s no:29/6 DICLE/DIYARBAKIR
95512368896;84112368923;pitihmlm@gmkdk.com;4014 s no:68/2 CAMLIHEMSIN/RIZE
28312369544;79112369403;hplsgp@qyj.com;554 s no:50/6 USKUDAR/ISTANBUL
58212370389;29512370593;sopqdkxyyi@djzheti.com;9620 s no:59/11 BISMIL/DIYARBAKIR
87212371409;46212371803;fzebzh@fmu.com;1677 s no:95/3 IKIZDERE/RIZE
61412372400;71112372508;rueoq@bf.com;6741 s no:93/6 SALIHLI/MANISA
45512373763;66612373242;ujtfwv@zkl.com;9929 s no:104/5 BAYINDIR/IZMIR
86412374132;64112374559;myosxgth@jpvvn.com;6426 s no:16/7 AKYURT/ANKARA
68112375492;25212375354;rssnnkm@vtgy.com;4715 s no:63/7 DERNEKPAZARI/TRABZON
23912376732;38512376187;qkyunydcze@upwuflb.com;7953 s no:53/11 SAHINBEY/GAZIANTEP
30012377619;72512377162;dchethxovlhu@hdoaardvt.com;8492 s no:9/5 AZDAVAY/KASTOMONU
50612378474;37112378916;xqzzqg@owq.com;2943 s no:103/9 KEMALPASA/IZMIR
96212379840;39412379687;cubqsifjenjo@hmudyqvgx.com;23 s no:83/11 KARKAMIS/GAZIANTEP
36112380935;52812380655;rgbav@xa.com;7020 s no:62/12 YALIHUYUK/KONYA
20512381104;24212381545;hctuiq@yxt.com;3891 s no:71/11 HARRAN/SANLIURFA
29512382468;35712382650;htuwdjentopm@tmusemhak.com;197 s no:26/2 CELEBI/KIRIKKALE
57612383539;51212383419;okqbclpocx@uqohxnm.com;8799 s no:24/13 K.CEKMECE/ISTANBUL
41412384751;69512384279;rafwsvuqbmsq@cuebfazzc.com;7493 s no:14/6 CAN/CANAKKALE
46312385192;57612385853;vzqveqiyxk@ltrsguq.com;1560 s no:7/9 GOMEC/BALIKESIR
19612386351;18912386118;hfmtxnh@ulnj.com;1440 s no:24/13 KALE/MALATYA
92312387456;47712387844;jgeliztk@mtklk.com;9499 s no:46/11 KARACOBAN/ERZURUM
61712388979;34112388114;npwdhoaepswh@zvwngayqm.com;8190 s no:62/13 HAMAMOZU/AMASYA
30012389510;19012389110;zeicyojual@uunzsjg.com;3613 s no:43/2 KADIKOY/ISTANBUL
42012390688;86012390947;mpole@rq.com;5849 s no:92/8 MANAVGAT/ANTALYA
18012391632;89312391736;kwmoqx@xea.com;2312 s no:63/11 BAHCELIEVLER/ISTANBUL
54412392848;96112392694;ureui@eo.com;9256 s no:96/6 SILIVRI/ISTANBUL
82812393826;93812393524;cjpcgk@vmq.com;3689 s no:75/5 K.HAMAM/ANKARA
17512394111;91412394837;ytdzykqwdpg@zuywbere.com;9772 s no:89/1 ARGUVAN/MALATYA
65112395429;26412395371;qqcqryajp@mpbahs.com;4610 s no:94/15 DERBENT/KONYA
37412396126;36312396470;mkaxeri@fdwi.com;9383 s no:58/6 SULTANBEYLI/ISTANBUL
51212397421;28412397969;xuorcrepus@cvnoalr.com;3523 s no:25/0 SAMANDAGI/HATAY
92312398530;34012398447;gxrtz@oo.com;9961 s no:81/14 KARAMURSEL/KOCAELI
23312399338;33512399820;wvvqz@zt.com;2470 s no:12/13 SELCUKLU/KONYA
77812400274;97512400760;izpolhejdb@holcpfw.com;5373 s no:68/15 BASMAKCI/AFYON
37312401130;30812401541;bjoplqgy@desqr.com;802 s no:10/3 GOYNUK/BOLU
73612402452;65312402434;bdznstgtfczc@uqzetzjzr.com;8261 s no:75/3 EREGLI/KONYA
21212403966;77512403262;kworol@ulo.com;2219 s no:80/0 KUYUCAK/AYDIN
60012404597;87312404571;gzyex@uz.com;1878 s no:14/4 GORDES/MANISA
77512405822;60712405454;bfxqjzygcldu@jkhorwjat.com;2124 s no:99/9 KARABURUN/IZMIR
71912406335;96612406636;qqmbsvoiakt@rytnekgi.com;8928 s no:40/1 ISTANBUL MERKEZ/ISTANBUL
43312407401;24312407253;xfcsbxjhjv@zmyrtzv.com;1010 s no:43/12 BAGCILAR/ISTANBUL
45112408907;74412408965;bhbotwlplo@xmhqaap.com;1809 s no:85/14 BAHCELIEVLER/ISTANBUL
26812409874;66912409606;jlnqqjjjrb@wdygaxm.com;105 s no:19/8 CAMARDI/NIGDE
37612410395;46612410987;jburz@zy.com;9964 s no:5/5 SILIVRI/ISTANBUL
29912411656;52312411455;eshozc@vfq.com;5811 s no:14/15 K.KARABEKIR/KARAMAN
79312412829;47412412292;fgitr@yp.com;5892 s no:75/15 KAGITHANE/ISTANBUL
76712413891;12812413779;nqaqpwvhz@jdtmgv.com;6474 s no:68/4 DIGOR/KARS
89312414706;84312414509;ekncketaqevx@gylwlhpjf.com;5315 s no:16/11 YESILYURT/MALATYA
56712415908;24412415822;iupsdtulsj@vaqvhrj.com;7477 s no:6/2 GUDUL/ANKARA
56812416506;48112416545;dqerhclvq@hahhew.com;5798 s no:17/14 MAMAK/ANKARA
27012417478;92812417257;jvqzqyv@jven.com;6077 s no:90/16 DENIZLI MERKEZ/DENIZLI
95712418251;71912418597;pnvpkcs@zcez.com;1490 s no:33/1 ODEMIS/IZMIR
77612419267;63812419170;tyddru@aqf.com;265 s no:19/13 MALATYA MERKEZ/MALATYA
87012420859;48312420898;ffehvxgziwm@nsebyqsr.com;8149 s no:101/9 BIGADIC/BALIKESIR
94912421743;63112421955;rlviyknkr@lrvqic.com;2106 s no:8/3 ALTUNHISAR/NIGDE
28612422969;60412422804;ecniz@wq.com;4160 s no:19/7 KARAMANLI/BURDUR
67112423126;42912423300;zdgadv@muu.com;5835 s no:23/13 SOKE/AYDIN
83512424620;50812424141;cayzm@jd.com;7042 s no:46/1 NURHAK/K.MARAS
79112425447;40912425373;wirdnlimacbj@zfxkikewf.com;1095 s no:9/3 CAMLIDERE/ANKARA
90412426642;52512426795;vvyzzz@cov.com;5145 s no:24/10 MALTEPE/ISTANBUL
77512427187;48612427662;tfsauxn@vusw.com;5201 s no:74/7 CINAR/DIYARBAKIR
13812428680;41212428978;edrcpntwsr@hfnvrig.com;927 s no:60/6 BAYRAMOREN/CANKIRI
20712429552;25512429669;sskwersl@spndt.com;2134 s no:70/7 GEREDE/BOLU
38712430217;85312430257;hyofnmprjfe@bjebbnfb.com;9625 s no:71/13 TARAKLI/SAKARYA
67912431849;39312431244;ojcbwla@yjpe.com;9498 s no:53/14 FOCA/IZMIR
94712432947;47312432456;spdqwcdnma@hlmuftf.com;6173 s no:104/10 MURATLI/TEKIRDAG
46312433871;18312433685;cigtmqtdyir@zelfbfdr.com;4885 s no:12/14 KADIKOY/ISTANBUL
13912434625;49012434376;myiiiou@iolq.com;4671 s no:105/8 BAYINDIR/IZMIR
67712435133;24412435587;shfeecbjdvw@lxdnsmkk.com;1673 s no:24/14 URGUP/NEVSEHIR
36712436675;98312436673;gqtshk@soc.com;1043 s no:100/11 BEYDAG/IZMIR
14212437970;45912437260;ntsldixmiw@wjmyvth.com;151 s no:22/2 MAMAK/ANKARA
63712438109;19512438801;xqrbmamxcvnw@ykqcvsdbx.com;2165 s no:23/12 EVCILER/AFYON
13312439706;56512439674;swpyi@jy.com;5773 s no:67/0 TAVAS/DENIZLI
82212440986;11712440701;nfdvoabeoh@erhfvhf.com;2916 s no:14/15 KADIRLI/ADANA
39212441626;24612441567;joxmyv@tee.com;109 s no:40/14 KARKAMIS/GAZIANTEP
25912442535;93312442486;jshqjajh@qfivu.com;1828 s no:4/8 CAL/DENIZLI
31912443487;50712443688;qcckdib@puup.com;1657 s no:8/2 NALLIHAN/ANKARA
29712444783;50512444290;dcwemecj@mmmaz.com;7464 s no:88/16 ACIGOL/NEVSEHIR
11512445162;89112445364;idvajzbwhpv@gptigzrv.com;4231 s no:76/5 COBANLAR/AFYON
35112446678;82012446453;calvgxncedd@jcbtiexz.com;4692 s no:97/6 BIRECIK/SANLIURFA
98712447783;79612447549;tekmx@pa.com;5511 s no:103/14 TASLICAY/AGRI
73912448266;91912448214;zyloydipxa@yoqnffy.com;1024 s no:94/0 YOMRA/TRABZON
18812449436;39412449312;mqmsyadqecus@dgodxokvd.com;5067 s no:5/10 CAN/CANAKKALE
46212450267;19012450251;ekgxcjk@nkov.com;9410 s no:52/7 SARIVELILER/KARAMAN
12812451485;98312451835;qdefop@wjk.com;2883 s no:18/5 AVCILAR/ISTANBUL
85412452464;25912452463;vxypb@qj.com;5 s no:30/5 YOMRA/TRABZON
27312453979;61412453489;fbddatdbny@qaaeeoa.com;5872 s no:13/12 BEYLIKOVA/ESKISEHIR
40912454334;81612454518;ekuoproun@nasdpw.com;7397 s no:21/12 KADIRLI/ADANA
22112455664;48112455834;ogipiaqkb@tvagfn.com;8436 s no:14/6 IKIZDERE/RIZE
15412456827;88612456353;jioar@ll.com;2147 s no:83/0 BEYOGLU/ISTANBUL
78712457368;60512457654;gfkgpyxcqdk@kwqawkzp.com;9180 s no:98/6 MIDYAT/MARDIN
66612458268;80512458620;hqhcgdtfc@xyztmn.com;5676 s no:26/11 SALPAZARI/TRABZON
93612459411;56812459836;evkibdmxejo@wmawmsir.com;9589 s no:89/11 MARDIN MERKEZ/MARDIN
86312460422;11512460653;hzcrqziimw@pdmpjmh.com;7139 s no:79/14 DOGANYOL/MALATYA
22112461260;10512461342;kdygwvd@khnw.com;1261 s no:29/7 GUDUL/ANKARA
28912462345;55712462796;fbznlpjdvghd@qquavtdgu.com;7342 s no:47/15 YESILLI/MARDIN
17912463610;15412463264;dcjgpgoezmsp@wlnzuyggc.com;5604 s no:4/0 MALTEPE/ISTANBUL
35912464610;91012464839;ntyujasdml@jzzelkj.com;1445 s no:95/2 FOCA/IZMIR
20712465597;11212465360;rrfdqkxlcox@qccindrz.com;5267 s no:102/1 YENIMAHALLE/ANKARA
63712466434;57112466667;erwsslactf@bwcesgs.com;2452 s no:20/3 KADIKOY/ISTANBUL
71812467237;79112467957;gnxdzfadzxak@keyvbhbts.com;3936 s no:62/10 KADIRLI/ADANA
59912468848;75512468121;yodferxw@onxcz.com;1986 s no:30/4 YIGILCA/BOLU
32012469285;31312469836;arnsbyxnslj@daidaeds.com;9706 s no:75/10 SURUC/SANLIURFA
35612470301;13212470233;qthmwxvqdbk@gwgafklr.com;4132 s no:29/6 HAN/ESKISEHIR
30712471772;79612471178;xzxyyyb@lyco.com;4251 s no:93/1 SILIVRI/ISTANBUL
53712472823;72512472708;araqlvifg@lwoymv.com;3839 s no:14/2 MURADIYE/VAN
59412473874;75312473338;unlhzwirvt@wpjcdkt.com;808 s no:79/11 GOYNUK/BOLU
54312474951;74112474522;niate@tl.com;4315 s no:70/9 KALKANDERE/RIZE
31712475421;70612475403;sehjbtrgze@xevvuai.com;6583 s no:47/14 ILICA/ERZURUM
83012476758;14212476793;ahsxmayjmt@ynngwyk.com;463 s no:83/4 K.CEKMECE/ISTANBUL
46712477712;22512477869;mfsjphdt@nrmfy.com;1561 s no:105/14 CATALCA/ISTANBUL
21812478455;90612478528;vmbdjebouz@ukisozd.com;2148 s no:10/5 MENEMEN/IZMIR
10912479357;27012479763;jlpuonpk@jzvea.com;6329 s no:46/16 SINDIRGI/BALIKESIR
34512480363;59512480908;nmjcjdsp@upvxf.com;7072 s no:36/11 NURDAGI/GAZIANTEP
80512481823;12312481115;hcdatmbnqw@dewuqpd.com;3077 s no:1/4 SANLIURFA MERKEZ/SANLIURFA
80012482451;45512482950;jirdmz@zhb.com;7182 s no:62/7 K.CEKMECE/ISTANBUL
90912483164;71412483188;zvksuk@aue.com;6054 s no:24/7 OZVATAN/KAYSERI
54512484755;37012484326;hvnztptqvtk@tskpwaaw.com;204 s no:83/3 ODEMIS/IZMIR
13112485432;94112485156;vozpummij@pzyhmf.com;887 s no:71/0 KULP/DIYARBAKIR
53212486425;28112486386;jqrni@dc.com;5944 s no:106/8 ALANYA/ANTALYA
69512487814;90212487666;auntd@cb.com;866 s no:35/15 ZONGULDAK MERK./ZONGULDAK
47312488749;50212488834;zgnthyhxiq@vceseui.com;1720 s no:66/10 AHMETLI/MANISA
59312489219;53212489835;plrntfkthd@ivkvhig.com;4597 s no:68/14 SENKAYA/ERZURUM
87112490543;50412490670;cefbttl@xanr.com;480 s no:15/4 FATSA/ORDU
63312491353;21012491119;grrbqexdc@qkdxyw.com;5774 s no:3/5 BASMAKCI/AFYON
76112492380;74412492509;tknbn@ls.com;1043 s no:64/9 G.OSMANPASA/ISTANBUL
73212493549;65512493152;kjytxqnsh@edohdu.com;5659 s no:69/1 BAHCELIEVLER/ISTANBUL
50912494504;50512494921;eeiaqf@krl.com;4081 s no:9/15 KIRAZ/IZMIR
57712495723;89012495117;oflneu@ikb.com;562 s no:74/15 TEFENNI/BURDUR
18812496296;35912496196;nywctd@pjr.com;6585 s no:58/7 KABATAS/ORDU
98112497543;30712497480;fijquzqei@ihgqtf.com;3161 s no:85/0 CAVDARHISAR/KUTAHYA
49612498638;23112498299;iyxkvmyi@rbaqf.com;2680 s no:96/8 B.CEKMECE/ISTANBUL
93412499574;86612499322;lnqmzxn@idlr.com;4540 s no:66/16 G.ANTEP MERKEZ/GAZIANTEP
76912500349;84012500632;apshvpu@vcms.com;9600 s no:92/11 DOGANKENT/GIRESUN
49812501861;10112501612;pqvzvydgcv@qffgmej.com;1165 s no:3/1 VIZE/KIRKLARELI
74112502878;10612502197;bgast@ua.com;3125 s no:11/8 KARTAL/ISTANBUL
83112503730;78712503944;ngxwcpkle@tbxezn.com;7861 s no:43/5 HOZAT/TUNCELI
94412504371;90812504627;guvpv@bv.com;5787 s no:63/14 SEBEN/BOLU
90112505719;57312505414;ezhxwbl@iqjl.com;4650 s no:53/6 BODRUM/MUGLA
15912506185;14812506308;tfidox@zvj.com;913 s no:15/13 INCIRLIOVA/AYDIN
29412507546;13912507988;eolqufubg@ylzvgp.com;4255 s no:108/2 SERIK/ANTALYA
91612508697;69512508683;utzupknfi@guybny.com;6611 s no:97/10 YENISEHIR/BURSA
59812509143;55612509670;erxjrpvh@ulust.com;3890 s no:97/10 SELCUKLU/KONYA
37712510246;87412510600;tqltzveyokgk@rnszmrlwd.com;2917 s no:49/13 CANKAYA/ANKARA
55112511817;17912511420;jdopjh@wjk.com;1877 s no:24/7 KORGAN/ORDU
